{
    "loss": 40.55026626586914,
    "accuracy": 0.6567342281341553
}